image_id,healthy,multiple_diseases,rust,scab
Test_0,0,0,1,0
Test_2,0,0,0,1
Test_3,1,0,0,0
Test_4,0,0,1,0
Test_6,1,0,0,0
Test_7,0,0,0,1
Test_9,0,0,1,0
Test_10,0,0,1,0
Test_11,1,0,0,0
Test_12,0,0,0,1
Test_14,0,0,1,0
Test_15,0,0,1,0
Test_16,1,0,0,0
Test_19,0,0,1,0
Test_20,0,0,0,1
Test_21,1,0,0,0
Test_23,0,0,0,1
Test_24,1,0,0,0
Test_25,0,0,0,1
Test_26,0,0,0,1
Test_28,1,0,0,0
Test_32,0,0,0,1
Test_33,0,0,0,1
Test_35,0,0,0,1
Test_36,0,0,1,0
Test_37,0,0,0,1
Test_38,0,0,0,1
Test_39,0,0,1,0
Test_40,0,0,1,0
Test_42,0,0,0,1
Test_43,0,0,1,0
Test_47,0,0,1,0
Test_48,0,0,1,0
Test_49,0,0,1,0
Test_51,0,0,1,0
Test_52,0,0,1,0
Test_53,0,0,1,0
Test_55,0,0,0,1
Test_58,0,0,0,1
Test_60,0,0,0,1
Test_61,1,0,0,0
Test_62,0,0,0,1
Test_65,0,0,1,0
Test_69,0,0,1,0
Test_73,1,0,0,0
Test_75,0,0,0,1
Test_76,1,0,0,0
Test_77,0,0,1,0
Test_78,0,0,0,1
Test_80,0,1,0,0
Test_84,0,0,0,1
Test_86,0,0,1,0
Test_90,0,0,1,0
Test_91,1,0,0,0
Test_92,1,0,0,0
Test_93,0,0,1,0
Test_94,0,0,0,1
Test_95,1,0,0,0
Test_96,0,0,0,1
Test_98,0,0,0,1
Test_100,0,0,0,1
Test_102,0,0,0,1
Test_104,0,0,0,1
Test_106,1,0,0,0
Test_110,1,0,0,0
Test_115,0,0,1,0
Test_118,0,0,1,0
Test_119,1,0,0,0
Test_120,0,0,1,0
Test_123,0,0,1,0
Test_124,0,0,0,1
Test_126,1,0,0,0
Test_127,0,0,0,1
Test_129,0,0,1,0
Test_131,0,0,0,1
Test_132,1,0,0,0
Test_133,0,0,0,1
Test_134,1,0,0,0
Test_135,0,0,1,0
Test_136,0,0,0,1
Test_137,0,0,1,0
Test_138,0,0,1,0
Test_139,1,0,0,0
Test_141,0,0,0,1
Test_143,0,0,0,1
Test_144,1,0,0,0
Test_145,0,0,0,1
Test_146,0,0,1,0
Test_151,0,0,1,0
Test_153,0,0,0,1
Test_155,0,0,1,0
Test_158,0,0,0,1
Test_160,1,0,0,0
Test_161,0,0,0,1
Test_162,0,0,1,0
Test_163,0,0,1,0
Test_165,0,0,0,1
Test_166,0,0,1,0
Test_167,0,0,1,0
Test_168,0,1,0,0
Test_169,0,0,1,0
Test_171,0,0,1,0
Test_173,0,0,1,0
Test_174,0,0,0,1
Test_175,1,0,0,0
Test_176,0,0,1,0
Test_177,0,0,0,1
Test_178,0,0,0,1
Test_181,0,0,0,1
Test_183,1,0,0,0
Test_185,0,0,0,1
Test_186,0,0,0,1
Test_187,0,0,1,0
Test_188,0,0,1,0
Test_189,1,0,0,0
Test_193,0,0,1,0
Test_196,0,0,0,1
Test_198,0,0,0,1
Test_199,0,0,1,0
Test_200,0,0,1,0
Test_203,0,0,1,0
Test_204,0,0,0,1
Test_205,0,0,0,1
Test_206,0,0,0,1
Test_208,0,0,0,1
Test_210,0,0,0,1
Test_212,0,0,1,0
Test_216,1,0,0,0
Test_217,0,0,0,1
Test_219,0,0,1,0
Test_220,0,0,0,1
Test_223,0,0,1,0
Test_225,1,0,0,0
Test_226,0,0,1,0
Test_227,0,0,0,1
Test_228,0,0,1,0
Test_229,0,0,1,0
Test_231,0,0,0,1
Test_232,1,0,0,0
Test_233,1,0,0,0
Test_234,0,0,0,1
Test_235,0,0,0,1
Test_239,0,0,1,0
Test_242,0,0,0,1
Test_243,1,0,0,0
Test_246,0,0,0,1
Test_247,0,0,0,1
Test_249,0,0,1,0
Test_250,1,0,0,0
Test_251,1,0,0,0
Test_253,0,0,0,1
Test_254,0,0,0,1
Test_257,0,0,1,0
Test_260,0,0,0,1
Test_261,0,0,1,0
Test_264,1,0,0,0
Test_265,0,0,1,0
Test_266,0,0,0,1
Test_267,1,0,0,0
Test_269,1,0,0,0
Test_270,0,0,0,1
Test_271,0,0,0,1
Test_273,1,0,0,0
Test_274,0,0,1,0
Test_278,0,0,0,1
Test_279,0,0,1,0
Test_280,0,0,0,1
Test_281,0,0,0,1
Test_284,0,0,1,0
Test_285,0,0,0,1
Test_286,0,0,0,1
Test_289,0,0,0,1
Test_290,0,0,1,0
Test_291,0,0,1,0
Test_293,0,0,1,0
Test_295,0,0,1,0
Test_297,0,0,0,1
Test_301,1,0,0,0
Test_302,0,0,0,1
Test_306,0,0,0,1
Test_307,1,0,0,0
Test_308,0,0,0,1
Test_310,0,0,1,0
Test_312,0,0,0,1
Test_313,0,0,0,1
Test_314,0,0,0,1
Test_315,0,0,0,1
Test_316,0,0,1,0
Test_317,0,0,1,0
Test_319,0,0,1,0
Test_320,0,0,1,0
Test_324,0,0,1,0
Test_325,0,0,0,1
Test_326,0,0,1,0
Test_327,0,0,0,1
Test_328,0,0,1,0
Test_329,0,0,1,0
Test_334,0,0,1,0
Test_335,1,0,0,0
Test_336,0,0,1,0
Test_338,1,0,0,0
Test_340,0,0,1,0
Test_341,1,0,0,0
Test_342,1,0,0,0
Test_344,0,0,1,0
Test_346,0,0,1,0
Test_347,0,0,1,0
Test_348,0,0,0,1
Test_350,0,0,0,1
Test_351,0,0,1,0
Test_354,0,0,1,0
Test_356,1,0,0,0
Test_359,0,0,0,1
Test_360,0,0,0,1
Test_361,1,0,0,0
Test_365,0,0,1,0
Test_367,0,0,0,1
Test_368,1,0,0,0
Test_369,0,0,0,1
Test_370,0,0,1,0
Test_371,0,0,1,0
Test_372,0,0,0,1
Test_373,0,0,1,0
Test_375,0,0,0,1
Test_377,1,0,0,0
Test_378,0,0,1,0
Test_380,0,0,0,1
Test_382,0,0,0,1
Test_383,1,0,0,0
Test_384,0,0,1,0
Test_387,0,0,0,1
Test_388,1,0,0,0
Test_392,0,0,1,0
Test_393,0,0,0,1
Test_394,0,0,0,1
Test_396,0,0,0,1
Test_397,0,0,0,1
Test_399,0,0,0,1
Test_400,0,0,1,0
Test_402,0,0,0,1
Test_404,0,0,0,1
Test_405,0,0,0,1
Test_406,0,0,0,1
Test_407,0,0,0,1
Test_408,0,0,0,1
Test_411,1,0,0,0
Test_414,0,0,1,0
Test_415,0,0,1,0
Test_417,0,0,1,0
Test_418,1,0,0,0
Test_419,1,0,0,0
Test_420,0,0,1,0
Test_421,0,0,0,1
Test_422,0,0,0,1
Test_424,0,0,1,0
Test_425,0,0,0,1
Test_426,0,0,1,0
Test_427,0,0,0,1
Test_428,0,0,0,1
Test_429,0,0,1,0
Test_430,0,0,1,0
Test_432,0,0,0,1
Test_433,0,0,0,1
Test_434,0,0,0,1
Test_435,1,0,0,0
Test_436,0,0,0,1
Test_440,0,0,1,0
Test_442,0,0,1,0
Test_443,0,0,0,1
Test_444,1,0,0,0
Test_446,0,0,1,0
Test_447,0,0,1,0
Test_448,0,0,1,0
Test_449,0,0,0,1
Test_450,0,0,1,0
Test_451,0,0,1,0
Test_453,0,0,0,1
Test_455,0,0,0,1
Test_456,0,0,1,0
Test_457,0,0,0,1
Test_459,0,0,1,0
Test_460,0,0,0,1
Test_461,0,0,0,1
Test_463,0,0,0,1
Test_464,1,0,0,0
Test_465,0,0,1,0
Test_467,0,0,0,1
Test_471,0,0,1,0
Test_472,1,0,0,0
Test_473,0,1,0,0
Test_474,0,0,1,0
Test_475,0,0,0,1
Test_476,0,0,0,1
Test_479,0,0,0,1
Test_481,0,0,0,1
Test_486,0,0,0,1
Test_489,0,0,1,0
Test_491,0,0,1,0
Test_492,0,0,0,1
Test_495,0,0,0,1
Test_496,1,0,0,0
Test_497,0,0,0,1
Test_498,1,0,0,0
Test_500,0,0,1,0
Test_501,1,0,0,0
Test_502,1,0,0,0
Test_505,0,0,0,1
Test_506,0,1,0,0
Test_508,0,0,1,0
Test_509,0,0,1,0
Test_511,0,0,0,1
Test_516,0,0,1,0
Test_517,0,0,0,1
Test_519,0,0,0,1
Test_522,0,0,1,0
Test_524,0,0,1,0
Test_530,1,0,0,0
Test_531,0,0,1,0
Test_534,0,0,0,1
Test_535,0,0,1,0
Test_538,0,0,0,1
Test_540,0,0,1,0
Test_542,1,0,0,0
Test_544,0,0,1,0
Test_545,0,0,1,0
Test_547,0,0,1,0
Test_548,0,0,1,0
Test_549,0,0,0,1
Test_550,0,0,0,1
Test_553,0,0,0,1
Test_556,1,0,0,0
Test_557,0,1,0,0
Test_560,0,0,1,0
Test_567,0,0,0,1
Test_571,0,0,1,0
Test_572,0,0,0,1
Test_581,1,0,0,0
Test_583,1,0,0,0
Test_585,0,0,1,0
Test_587,0,0,1,0
Test_590,0,0,1,0
Test_591,0,0,1,0
Test_593,0,0,1,0
Test_595,0,0,0,1
Test_597,0,0,0,1
Test_601,0,0,0,1
Test_602,0,0,0,1
Test_603,0,0,0,1
Test_605,1,0,0,0
Test_608,0,0,0,1
Test_609,1,0,0,0
Test_610,0,0,0,1
Test_612,0,0,1,0
Test_613,1,0,0,0
Test_614,0,0,1,0
Test_615,0,0,1,0
Test_616,0,0,0,1
Test_617,0,0,0,1
Test_618,0,0,0,1
Test_622,0,0,1,0
Test_623,0,0,0,1
Test_626,0,0,1,0
Test_629,1,0,0,0
Test_630,1,0,0,0
Test_633,0,0,1,0
Test_634,0,0,0,1
Test_635,1,0,0,0
Test_637,0,0,1,0
Test_638,0,0,0,1
Test_640,0,0,0,1
Test_642,0,0,0,1
Test_644,0,0,0,1
Test_645,1,0,0,0
Test_646,0,0,1,0
Test_648,1,0,0,0
Test_649,0,0,1,0
Test_650,0,0,1,0
Test_651,0,0,0,1
Test_652,0,0,1,0
Test_653,1,0,0,0
Test_654,0,0,1,0
Test_655,0,0,0,1
Test_656,0,0,0,1
Test_658,1,0,0,0
Test_660,0,0,1,0
Test_661,0,0,0,1
Test_662,0,0,0,1
Test_664,0,0,1,0
Test_665,0,0,0,1
Test_666,0,0,1,0
Test_667,1,0,0,0
Test_669,0,0,1,0
Test_670,0,0,1,0
Test_671,0,0,1,0
Test_675,1,0,0,0
Test_676,1,0,0,0
Test_677,0,0,0,1
Test_678,0,0,0,1
Test_679,0,0,1,0
Test_680,0,0,0,1
Test_682,1,0,0,0
Test_683,0,0,0,1
Test_684,0,0,0,1
Test_685,1,0,0,0
Test_686,0,0,0,1
Test_687,1,0,0,0
Test_689,0,0,0,1
Test_690,0,0,0,1
Test_691,1,0,0,0
Test_693,1,0,0,0
Test_695,1,0,0,0
Test_696,0,0,1,0
Test_699,0,0,0,1
Test_700,0,0,1,0
Test_703,0,0,1,0
Test_706,1,0,0,0
Test_709,0,0,1,0
Test_711,1,0,0,0
Test_712,0,0,0,1
Test_713,0,1,0,0
Test_715,0,0,1,0
Test_716,0,0,0,1
Test_717,0,0,1,0
Test_718,0,0,1,0
Test_719,0,0,1,0
Test_720,1,0,0,0
Test_721,0,0,1,0
Test_725,0,0,0,1
Test_726,0,0,0,1
Test_731,0,0,1,0
Test_734,1,0,0,0
Test_736,1,0,0,0
Test_737,0,0,0,1
Test_738,1,0,0,0
Test_739,0,0,1,0
Test_740,0,0,0,1
Test_742,0,0,0,1
Test_744,0,0,0,1
Test_746,0,0,1,0
Test_747,1,0,0,0
Test_748,0,0,0,1
Test_749,0,0,0,1
Test_751,0,0,1,0
Test_752,0,0,0,1
Test_755,0,0,0,1
Test_756,1,0,0,0
Test_757,0,0,0,1
Test_758,1,0,0,0
Test_762,0,0,1,0
Test_763,0,0,1,0
Test_764,1,0,0,0
Test_766,0,0,0,1
Test_769,0,0,1,0
Test_770,0,0,0,1
Test_771,0,0,1,0
Test_773,0,0,1,0
Test_777,1,0,0,0
Test_779,0,0,0,1
Test_780,1,0,0,0
Test_781,1,0,0,0
Test_782,0,0,1,0
Test_783,0,0,1,0
Test_784,0,0,1,0
Test_785,1,0,0,0
Test_786,0,0,1,0
Test_787,0,0,1,0
Test_789,0,0,1,0
Test_791,0,0,0,1
Test_795,0,0,0,1
Test_796,0,0,1,0
Test_797,1,0,0,0
Test_801,0,0,1,0
Test_803,0,0,0,1
Test_805,0,0,1,0
Test_808,1,0,0,0
Test_809,1,0,0,0
Test_810,0,0,1,0
Test_811,1,0,0,0
Test_813,1,0,0,0
Test_814,0,0,0,1
Test_815,0,0,0,1
Test_819,0,0,1,0
Test_820,1,0,0,0
Test_821,0,0,0,1
Test_823,1,0,0,0
Test_825,0,0,1,0
Test_826,0,0,1,0
Test_829,0,0,0,1
Test_830,0,0,1,0
Test_831,0,0,1,0
Test_832,1,0,0,0
Test_833,0,0,1,0
Test_834,0,0,1,0
Test_835,0,0,1,0
Test_837,0,0,0,1
Test_839,0,0,1,0
Test_840,0,0,1,0
Test_841,0,0,0,1
Test_842,1,0,0,0
Test_843,0,0,1,0
Test_845,0,0,1,0
Test_848,0,0,1,0
Test_849,0,0,0,1
Test_850,0,0,1,0
Test_851,0,0,0,1
Test_852,0,0,1,0
Test_854,0,0,0,1
Test_855,0,0,0,1
Test_856,1,0,0,0
Test_857,0,0,1,0
Test_858,0,0,1,0
Test_860,1,0,0,0
Test_865,0,0,1,0
Test_871,0,0,0,1
Test_873,0,0,0,1
Test_874,0,0,0,1
Test_875,0,0,0,1
Test_876,0,0,0,1
Test_878,1,0,0,0
Test_880,0,0,1,0
Test_888,0,0,1,0
Test_889,0,0,1,0
Test_891,0,0,0,1
Test_892,0,0,1,0
Test_894,0,0,0,1
Test_895,1,0,0,0
Test_897,1,0,0,0
Test_898,0,0,0,1
Test_900,0,0,0,1
Test_901,0,0,1,0
Test_902,1,0,0,0
Test_903,0,0,1,0
Test_904,1,0,0,0
Test_907,0,0,0,1
Test_908,0,0,0,1
Test_909,1,0,0,0
Test_911,0,0,0,1
Test_913,0,0,1,0
Test_914,0,0,0,1
Test_916,0,0,0,1
Test_918,0,0,1,0
Test_919,0,0,0,1
Test_920,0,0,1,0
Test_922,1,0,0,0
Test_924,0,0,0,1
Test_925,1,0,0,0
Test_926,0,0,1,0
Test_928,0,0,1,0
Test_929,0,0,0,1
Test_931,1,0,0,0
Test_933,1,0,0,0
Test_935,0,0,1,0
Test_936,0,0,0,1
Test_937,0,0,1,0
Test_938,0,0,0,1
Test_939,1,0,0,0
Test_940,0,0,0,1
Test_941,0,0,0,1
Test_943,0,0,1,0
Test_945,1,0,0,0
Test_947,0,0,0,1
Test_950,0,0,0,1
Test_952,0,0,0,1
Test_953,0,0,0,1
Test_954,1,0,0,0
Test_955,1,0,0,0
Test_956,0,0,0,1
Test_959,0,0,1,0
Test_960,0,0,1,0
Test_964,0,0,1,0
Test_965,1,0,0,0
Test_967,0,0,1,0
Test_968,0,0,1,0
Test_969,0,0,1,0
Test_970,1,0,0,0
Test_971,0,0,0,1
Test_972,0,0,1,0
Test_975,1,0,0,0
Test_977,0,0,0,1
Test_978,0,0,1,0
Test_979,1,0,0,0
Test_980,0,0,0,1
Test_981,0,0,0,1
Test_982,1,0,0,0
Test_983,0,0,1,0
Test_984,0,0,0,1
Test_985,0,1,0,0
Test_986,0,0,0,1
Test_987,0,1,0,0
Test_988,1,0,0,0
Test_989,1,0,0,0
Test_991,0,1,0,0
Test_992,0,0,0,1
Test_996,0,0,1,0
Test_998,0,0,1,0
Test_999,0,0,1,0
Test_1002,0,0,1,0
Test_1003,0,0,0,1
Test_1004,0,0,0,1
Test_1007,0,0,0,1
Test_1008,1,0,0,0
Test_1010,0,0,1,0
Test_1011,0,0,1,0
Test_1012,0,0,0,1
Test_1013,0,0,1,0
Test_1014,0,0,1,0
Test_1015,1,0,0,0
Test_1016,0,0,1,0
Test_1017,0,0,1,0
Test_1018,0,0,0,1
Test_1019,0,0,1,0
Test_1020,0,0,1,0
Test_1022,0,0,1,0
Test_1023,1,0,0,0
Test_1024,1,0,0,0
Test_1025,0,0,0,1
Test_1026,1,0,0,0
Test_1027,0,0,0,1
Test_1028,1,0,0,0
Test_1029,1,0,0,0
Test_1030,1,0,0,0
Test_1031,0,0,0,1
Test_1032,0,0,0,1
Test_1034,0,0,1,0
Test_1036,1,0,0,0
Test_1038,0,0,0,1
Test_1039,0,0,0,1
Test_1040,0,0,0,1
Test_1041,0,0,1,0
Test_1042,0,0,1,0
Test_1043,0,0,1,0
Test_1044,0,0,0,1
Test_1045,0,0,1,0
Test_1047,1,0,0,0
Test_1048,0,0,0,1
Test_1049,0,0,0,1
Test_1050,0,0,1,0
Test_1051,0,0,0,1
Test_1052,0,0,0,1
Test_1054,1,0,0,0
Test_1057,0,0,0,1
Test_1058,1,0,0,0
Test_1060,0,0,0,1
Test_1062,1,0,0,0
Test_1063,0,0,1,0
Test_1064,0,0,0,1
Test_1065,1,0,0,0
Test_1066,0,0,0,1
Test_1068,0,0,0,1
Test_1069,0,0,1,0
Test_1072,0,0,0,1
Test_1073,0,0,0,1
Test_1077,1,0,0,0
Test_1078,0,0,1,0
Test_1079,0,0,1,0
Test_1082,0,0,0,1
Test_1083,1,0,0,0
Test_1085,0,0,0,1
Test_1088,0,0,1,0
Test_1089,0,0,0,1
Test_1091,1,0,0,0
Test_1092,1,0,0,0
Test_1093,0,0,0,1
Test_1094,1,0,0,0
Test_1095,0,0,0,1
Test_1096,0,0,0,1
Test_1097,1,0,0,0
Test_1099,0,0,0,1
Test_1101,1,0,0,0
Test_1102,0,0,1,0
Test_1105,0,0,0,1
Test_1106,1,0,0,0
Test_1108,1,0,0,0
Test_1109,1,0,0,0
Test_1110,0,0,1,0
Test_1111,0,0,1,0
Test_1112,1,0,0,0
Test_1113,0,0,1,0
Test_1114,0,0,1,0
Test_1115,0,0,1,0
Test_1116,0,0,1,0
Test_1117,1,0,0,0
Test_1119,0,0,0,1
Test_1122,0,0,0,1
Test_1123,1,0,0,0
Test_1124,0,0,1,0
Test_1126,1,0,0,0
Test_1127,0,0,0,1
Test_1128,0,0,1,0
Test_1129,0,0,1,0
Test_1130,0,0,0,1
Test_1131,1,0,0,0
Test_1136,0,0,0,1
Test_1137,0,0,0,1
Test_1138,0,0,0,1
Test_1141,0,0,0,1
Test_1142,0,0,1,0
Test_1143,0,0,1,0
Test_1144,0,0,1,0
Test_1146,0,0,1,0
Test_1147,0,0,0,1
Test_1148,0,0,1,0
Test_1150,0,0,0,1
Test_1152,1,0,0,0
Test_1153,0,0,0,1
Test_1154,0,0,1,0
Test_1155,0,0,1,0
Test_1156,0,0,0,1
Test_1157,0,0,0,1
Test_1159,0,0,1,0
Test_1160,1,0,0,0
Test_1161,0,0,1,0
Test_1162,0,0,0,1
Test_1163,1,0,0,0
Test_1164,0,0,1,0
Test_1167,0,0,1,0
Test_1168,0,0,1,0
Test_1169,0,0,0,1
Test_1171,0,0,0,1
Test_1172,1,0,0,0
Test_1173,0,0,0,1
Test_1174,0,0,0,1
Test_1175,0,0,1,0
Test_1177,1,0,0,0
Test_1178,1,0,0,0
Test_1179,0,0,1,0
Test_1180,1,0,0,0
Test_1184,0,0,1,0
Test_1186,0,0,1,0
Test_1187,0,0,0,1
Test_1191,0,0,0,1
Test_1192,0,0,1,0
Test_1194,1,0,0,0
Test_1195,1,0,0,0
Test_1197,0,0,0,1
Test_1198,0,0,1,0
Test_1199,0,0,1,0
Test_1201,0,0,0,1
Test_1203,1,0,0,0
Test_1205,0,0,1,0
Test_1206,0,0,1,0
Test_1208,0,0,0,1
Test_1209,0,0,1,0
Test_1210,0,0,0,1
Test_1213,0,0,0,1
Test_1214,0,0,0,1
Test_1215,0,0,0,1
Test_1216,0,0,1,0
Test_1217,0,0,0,1
Test_1218,0,0,0,1
Test_1219,0,0,1,0
Test_1220,0,0,0,1
Test_1221,1,0,0,0
Test_1226,0,0,1,0
Test_1229,1,0,0,0
Test_1230,0,0,1,0
Test_1231,1,0,0,0
Test_1232,1,0,0,0
Test_1234,0,0,1,0
Test_1235,1,0,0,0
Test_1236,0,0,0,1
Test_1239,0,0,0,1
Test_1241,1,0,0,0
Test_1242,0,0,0,1
Test_1243,0,0,1,0
Test_1244,0,0,0,1
Test_1245,0,0,0,1
Test_1247,0,0,1,0
Test_1251,0,0,0,1
Test_1252,0,0,1,0
Test_1253,0,0,0,1
Test_1254,1,0,0,0
Test_1257,0,0,0,1
Test_1259,1,0,0,0
Test_1261,0,0,1,0
Test_1266,0,0,1,0
Test_1267,0,0,0,1
Test_1269,0,0,1,0
Test_1271,0,0,0,1
Test_1272,0,0,1,0
Test_1273,1,0,0,0
Test_1274,0,0,0,1
Test_1276,0,0,0,1
Test_1277,0,0,1,0
Test_1279,0,0,0,1
Test_1282,1,0,0,0
Test_1283,0,0,1,0
Test_1287,1,0,0,0
Test_1288,1,0,0,0
Test_1290,0,0,0,1
Test_1291,0,0,0,1
Test_1295,0,0,1,0
Test_1296,1,0,0,0
Test_1297,0,0,0,1
Test_1298,0,0,1,0
Test_1300,0,0,1,0
Test_1302,0,0,0,1
Test_1305,0,0,1,0
Test_1306,0,0,0,1
Test_1307,0,0,1,0
Test_1308,0,0,0,1
Test_1311,1,0,0,0
Test_1314,0,0,1,0
Test_1315,1,0,0,0
Test_1319,0,0,1,0
Test_1320,0,0,0,1
Test_1322,1,0,0,0
Test_1323,0,0,1,0
Test_1325,0,0,0,1
Test_1326,0,0,0,1
Test_1328,0,0,0,1
Test_1329,0,0,1,0
Test_1331,0,0,1,0
Test_1332,0,0,0,1
Test_1334,0,0,0,1
Test_1335,0,0,1,0
Test_1336,0,0,1,0
Test_1338,0,0,1,0
Test_1341,0,0,1,0
Test_1342,0,0,1,0
Test_1343,0,0,0,1
Test_1344,0,0,1,0
Test_1347,0,0,0,1
Test_1351,0,0,1,0
Test_1352,0,0,1,0
Test_1354,1,0,0,0
Test_1355,1,0,0,0
Test_1356,0,0,0,1
Test_1357,0,0,1,0
Test_1358,0,0,0,1
Test_1359,1,0,0,0
Test_1360,0,0,1,0
Test_1361,0,0,1,0
Test_1362,0,0,1,0
Test_1363,0,0,1,0
Test_1365,1,0,0,0
Test_1366,0,0,0,1
Test_1369,1,0,0,0
Test_1370,0,0,1,0
Test_1371,0,0,0,1
Test_1374,0,0,1,0
Test_1375,0,1,0,0
Test_1376,1,0,0,0
Test_1379,0,1,0,0
Test_1382,0,0,1,0
Test_1383,0,0,0,1
Test_1384,0,0,0,1
Test_1387,0,0,0,1
Test_1388,0,0,1,0
Test_1391,0,0,1,0
Test_1397,0,0,1,0
Test_1398,0,0,1,0
Test_1399,0,0,1,0
Test_1400,0,0,0,1
Test_1401,0,0,0,1
Test_1402,1,0,0,0
Test_1403,0,0,1,0
Test_1404,0,0,1,0
Test_1405,0,0,1,0
Test_1406,0,0,1,0
Test_1408,1,0,0,0
Test_1409,0,0,0,1
Test_1410,0,0,1,0
Test_1411,0,0,0,1
Test_1412,0,0,0,1
Test_1414,0,0,1,0
Test_1417,0,0,0,1
Test_1419,0,0,1,0
Test_1421,0,0,0,1
Test_1422,0,0,1,0
Test_1424,1,0,0,0
Test_1425,0,0,1,0
Test_1427,0,0,0,1
Test_1429,1,0,0,0
Test_1431,1,0,0,0
Test_1432,0,0,1,0
Test_1434,0,0,1,0
Test_1435,0,0,0,1
Test_1437,0,0,1,0
Test_1438,0,0,1,0
Test_1439,1,0,0,0
Test_1441,0,0,1,0
Test_1443,1,0,0,0
Test_1446,1,0,0,0
Test_1447,0,0,0,1
Test_1448,1,0,0,0
Test_1449,0,0,1,0
Test_1451,0,0,0,1
Test_1452,0,0,0,1
Test_1453,0,0,1,0
Test_1454,1,0,0,0
Test_1456,0,0,1,0
Test_1457,0,0,1,0
Test_1460,0,0,1,0
Test_1461,0,0,1,0
Test_1462,0,0,1,0
Test_1465,0,0,1,0
Test_1467,1,0,0,0
Test_1468,0,0,0,1
Test_1469,1,0,0,0
Test_1470,0,0,0,1
Test_1472,0,0,1,0
Test_1473,1,0,0,0
Test_1476,0,0,0,1
Test_1477,0,0,0,1
Test_1478,0,0,1,0
Test_1480,0,0,1,0
Test_1481,0,0,0,1
Test_1482,0,0,0,1
Test_1484,1,0,0,0
Test_1487,0,0,1,0
Test_1489,0,0,1,0
Test_1490,0,0,0,1
Test_1492,0,0,1,0
Test_1495,0,0,0,1
Test_1496,0,0,0,1
Test_1498,0,0,0,1
Test_1499,0,0,1,0
Test_1503,1,0,0,0
Test_1504,0,0,1,0
Test_1507,1,0,0,0
Test_1509,0,0,0,1
Test_1510,0,0,1,0
Test_1511,0,0,0,1
Test_1513,0,0,1,0
Test_1514,0,0,1,0
Test_1515,0,0,1,0
Test_1516,0,0,0,1
Test_1519,0,0,0,1
Test_1522,0,0,1,0
Test_1523,0,0,0,1
Test_1524,1,0,0,0
Test_1525,1,0,0,0
Test_1526,0,0,0,1
Test_1528,0,0,0,1
Test_1529,0,0,1,0
Test_1530,1,0,0,0
Test_1537,0,0,0,1
Test_1538,0,0,1,0
Test_1540,0,0,0,1
Test_1541,0,0,0,1
Test_1543,0,0,1,0
Test_1545,0,0,0,1
Test_1547,1,0,0,0
Test_1548,0,0,0,1
Test_1549,0,0,0,1
Test_1550,0,0,0,1
Test_1551,0,0,0,1
Test_1552,0,0,0,1
Test_1553,0,0,0,1
Test_1557,0,0,0,1
Test_1560,1,0,0,0
Test_1561,0,0,0,1
Test_1563,0,0,1,0
Test_1566,0,0,0,1
Test_1567,0,0,1,0
Test_1568,0,0,1,0
Test_1571,0,0,1,0
Test_1573,0,0,1,0
Test_1579,1,0,0,0
Test_1580,1,0,0,0
Test_1581,0,0,0,1
Test_1582,0,0,1,0
Test_1583,0,0,1,0
Test_1584,0,0,0,1
Test_1585,0,0,1,0
Test_1589,0,0,1,0
Test_1591,1,0,0,0
Test_1592,1,0,0,0
Test_1593,0,0,0,1
Test_1594,0,0,0,1
Test_1597,0,0,1,0
Test_1600,1,0,0,0
Test_1601,0,0,0,1
Test_1603,0,0,1,0
Test_1604,0,0,1,0
Test_1605,0,0,0,1
Test_1610,1,0,0,0
Test_1612,0,0,1,0
Test_1615,0,0,0,1
Test_1616,0,0,1,0
Test_1619,0,0,0,1
Test_1620,0,0,1,0
Test_1623,0,0,0,1
Test_1624,1,0,0,0
Test_1628,0,0,1,0
Test_1630,0,0,0,1
Test_1631,0,0,1,0
Test_1632,0,0,1,0
Test_1633,0,0,1,0
Test_1635,0,0,1,0
Test_1640,1,0,0,0
Test_1641,0,0,0,1
Test_1642,1,0,0,0
Test_1644,0,0,1,0
Test_1645,0,0,1,0
Test_1647,0,0,1,0
Test_1649,0,0,1,0
Test_1650,0,0,1,0
Test_1652,0,0,1,0
Test_1653,0,0,1,0
Test_1655,0,0,0,1
Test_1659,0,0,1,0
Test_1660,0,0,0,1
Test_1662,1,0,0,0
Test_1663,0,0,1,0
Test_1664,0,0,0,1
Test_1667,1,0,0,0
Test_1668,0,0,0,1
Test_1669,0,0,1,0
Test_1672,0,0,0,1
Test_1674,0,0,0,1
Test_1675,1,0,0,0
Test_1679,0,0,0,1
Test_1680,0,0,0,1
Test_1684,1,0,0,0
Test_1685,1,0,0,0
Test_1686,1,0,0,0
Test_1688,0,0,1,0
Test_1690,0,0,0,1
Test_1691,0,0,0,1
Test_1692,0,0,1,0
Test_1694,0,0,1,0
Test_1695,0,0,1,0
Test_1696,0,0,0,1
Test_1697,0,0,1,0
Test_1699,0,0,0,1
Test_1700,1,0,0,0
Test_1704,1,0,0,0
Test_1705,0,0,1,0
Test_1710,0,0,1,0
Test_1712,0,0,1,0
Test_1713,0,0,1,0
Test_1715,0,0,0,1
Test_1717,0,0,0,1
Test_1718,1,0,0,0
Test_1719,0,0,1,0
Test_1720,0,0,1,0
Test_1721,0,0,1,0
Test_1722,0,0,1,0
Test_1724,0,0,1,0
Test_1729,0,0,1,0
Test_1732,0,0,1,0
Test_1733,0,0,0,1
Test_1734,0,0,1,0
Test_1735,0,0,1,0
Test_1736,0,0,1,0
Test_1738,0,0,0,1
Test_1745,0,0,1,0
Test_1747,0,0,0,1
Test_1750,0,0,0,1
Test_1751,0,0,0,1
Test_1754,1,0,0,0
Test_1757,0,0,0,1
Test_1758,1,0,0,0
Test_1759,0,0,0,1
Test_1761,1,0,0,0
Test_1762,0,0,0,1
Test_1763,0,0,1,0
Test_1764,0,0,1,0
Test_1767,0,0,1,0
Test_1768,0,0,1,0
Test_1769,1,0,0,0
Test_1770,0,0,0,1
Test_1775,0,0,1,0
Test_1776,0,0,0,1
Test_1778,1,0,0,0
Test_1779,0,0,1,0
Test_1784,0,0,1,0
Test_1785,0,0,0,1
Test_1787,0,0,0,1
Test_1788,1,0,0,0
Test_1789,1,0,0,0
Test_1791,1,0,0,0
Test_1793,0,0,1,0
Test_1794,0,0,1,0
Test_1798,1,0,0,0
Test_1799,0,0,0,1
Test_1800,1,0,0,0
Test_1802,0,0,1,0
Test_1804,0,0,1,0
Test_1805,1,0,0,0
Test_1806,0,0,0,1
Test_1807,0,0,0,1
Test_1808,0,0,0,1
Test_1809,1,0,0,0
Test_1812,0,0,1,0
Test_1813,0,0,0,1
Test_1815,0,0,1,0
Test_1817,0,0,0,1
Test_1818,0,0,1,0
Test_1819,1,0,0,0
Test_1820,0,0,0,1
